{
  "id": "1563611",
  "name": "111",
  "font_family": "iconfont",
  "css_prefix_text": "icon-",
  "description": "",
  "glyphs": [
    {
      "icon_id": "286655",
      "name": "video",
      "font_class": "video",
      "unicode": "e634",
      "unicode_decimal": 58932
    },
    {
      "icon_id": "490469",
      "name": "photo",
      "font_class": "photo",
      "unicode": "ec9d",
      "unicode_decimal": 60573
    },
    {
      "icon_id": "9024413",
      "name": "发布",
      "font_class": "fabu",
      "unicode": "e675",
      "unicode_decimal": 58997
    },
    {
      "icon_id": "11795168",
      "name": "添加",
      "font_class": "jia1",
      "unicode": "e600",
      "unicode_decimal": 58880
    },
    {
      "icon_id": "480601",
      "name": "下班-月亮",
      "font_class": "xiabanyueliang",
      "unicode": "e61f",
      "unicode_decimal": 58911
    },
    {
      "icon_id": "3685163",
      "name": "加号",
      "font_class": "mui-icon-add",
      "unicode": "e612",
      "unicode_decimal": 58898
    },
    {
      "icon_id": "8395763",
      "name": "pen",
      "font_class": "pen",
      "unicode": "e625",
      "unicode_decimal": 58917
    },
    {
      "icon_id": "11029353",
      "name": "收 藏 (1)",
      "font_class": "favorite",
      "unicode": "e615",
      "unicode_decimal": 58901
    },
    {
      "icon_id": "13124832",
      "name": "上传",
      "font_class": "shangchuan1",
      "unicode": "e6e1",
      "unicode_decimal": 59105
    },
    {
      "icon_id": "372089",
      "name": "icon-left",
      "font_class": "left",
      "unicode": "e611",
      "unicode_decimal": 58897
    },
    {
      "icon_id": "546732",
      "name": "top",
      "font_class": "top",
      "unicode": "e607",
      "unicode_decimal": 58887
    },
    {
      "icon_id": "1510602",
      "name": "下",
      "font_class": "shang",
      "unicode": "e60a",
      "unicode_decimal": 58890
    },
    {
      "icon_id": "3631074",
      "name": "删 除",
      "font_class": "shanchu",
      "unicode": "e707",
      "unicode_decimal": 59143
    },
    {
      "icon_id": "4330455",
      "name": "信息",
      "font_class": "xinxi",
      "unicode": "e614",
      "unicode_decimal": 58900
    },
    {
      "icon_id": "5256021",
      "name": "htb－Arrow right02",
      "font_class": "htbArrowright",
      "unicode": "e60d",
      "unicode_decimal": 58893
    },
    {
      "icon_id": "5435960",
      "name": "删  除",
      "font_class": "shanchu1",
      "unicode": "e674",
      "unicode_decimal": 58996
    },
    {
      "icon_id": "2038551",
      "name": "点赞",
      "font_class": "zan2",
      "unicode": "e603",
      "unicode_decimal": 58883
    },
    {
      "icon_id": "6758944",
      "name": "编辑 (1)",
      "font_class": "bianji",
      "unicode": "e646",
      "unicode_decimal": 58950
    },
    {
      "icon_id": "3332955",
      "name": "设置 (1)",
      "font_class": "shezhi1",
      "unicode": "e610",
      "unicode_decimal": 58896
    },
    {
      "icon_id": "8623960",
      "name": "心 爱心",
      "font_class": "xinaixin",
      "unicode": "e60b",
      "unicode_decimal": 58891
    },
    {
      "icon_id": "4185877",
      "name": "企业",
      "font_class": "qiye",
      "unicode": "e606",
      "unicode_decimal": 58886
    },
    {
      "icon_id": "1929574",
      "name": "back",
      "font_class": "fanhui",
      "unicode": "e60c",
      "unicode_decimal": 58892
    },
    {
      "icon_id": "10527492",
      "name": "search",
      "font_class": "chaxun",
      "unicode": "e65e",
      "unicode_decimal": 58974
    },
    {
      "icon_id": "6820872",
      "name": "订单",
      "font_class": "order",
      "unicode": "e602",
      "unicode_decimal": 58882
    },
    {
      "icon_id": "12393082",
      "name": "me",
      "font_class": "me",
      "unicode": "e6aa",
      "unicode_decimal": 59050
    }
  ]
}
